gene,n_studies,median_log2fc,direction_consistency,combined_p,significant_fraction,evidence_score,ad_dysregulated,label
AAK1,3,-0.1323656358811842,0.6666666666666666,0.1556101946812106,0.0,0.0441218786270613,0,0
ABCC12,3,-0.823728592211697,1.0,2.6357246739019636e-05,0.3333333333333333,0.6864404935097475,1,1
ABCD4,3,0.5299572284589207,1.0,0.005753245639479,0.0,0.2649786142294603,1,1
ACSL6,3,-0.5839895152948502,1.0,0.0007458299482065,0.0,0.2919947576474251,1,1
ADAM11,3,-0.6108478658300376,1.0,0.0023829143536041,0.0,0.3054239329150188,1,1
ADAMTS2,3,0.8656690105555511,1.0,0.0088987778603084,0.3333333333333333,0.7213908421296259,1,1
ADRA1B,3,-0.5084535650347393,1.0,0.0046162758357438,0.0,0.2542267825173696,1,1
AKR1B1,3,0.1259270806733532,0.6666666666666666,0.8745209138389025,0.0,0.0419756935577843,0,0
ALDH3B1,3,0.119768411754872,1.0,0.8416143390305327,0.0,0.059884205877436,0,0
ANGPTL4,3,0.1718709611961726,0.6666666666666666,0.147084785822251,0.0,0.0572903203987242,0,0
ANKRD36B,3,-0.0100481359473425,0.6666666666666666,0.8972850331047472,0.0,0.0033493786491141,0,0
ARL4D,3,-0.7207203016373466,1.0,0.0001413680281844,0.0,0.3603601508186733,1,1
ARMC5,3,0.006075449524646,0.6666666666666666,0.5487626890284925,0.0,0.0020251498415486,0,0
BDNF,3,-0.7005871131380594,1.0,0.003674649622338,0.3333333333333333,0.5838225942817161,1,1
BEX5,3,-0.6477491768298465,1.0,0.0003685511290932,0.3333333333333333,0.5397909806915386,1,1
CA2,3,0.5230870111641419,1.0,0.0091103708175644,0.0,0.2615435055820709,1,1
CCDC142,3,0.1070661528719156,1.0,0.0595049780232747,0.0,0.0535330764359578,0,0
CEND1,3,-0.6685435145607768,1.0,0.0040994876782954,0.3333333333333333,0.5571195954673139,1,1
CMAS,3,-0.3211072299413722,0.6666666666666666,0.1426258489887988,0.0,0.1070357433137907,0,0
COL12A1,3,-0.5667024366252562,1.0,0.0019925816404517,0.3333333333333333,0.4722520305210468,1,1
CPM,3,0.707883304559652,1.0,0.0008664108142573,0.3333333333333333,0.5899027537997099,1,1
CRH,3,-1.036925261482761,1.0,0.0002661564775102,0.3333333333333333,0.8641043845689675,1,1
CSF1,3,0.7460248745297351,1.0,0.0033970653980611,0.0,0.3730124372648675,1,1
CYBRD1,3,0.1872082648690654,0.6666666666666666,0.6509951350581917,0.0,0.0624027549563551,0,0
DDI1,3,-0.11510277847911,0.6666666666666666,0.5679818040523117,0.0,0.03836759282637,0,0
DIRAS1,3,-0.7235824188486291,1.0,0.0052414598364815,0.0,0.3617912094243145,1,1
DPP6,3,-0.5130071940484413,1.0,0.0089005158901476,0.0,0.2565035970242206,1,1
DTX3,3,-0.0785573907826364,0.6666666666666666,0.374139623905904,0.0,0.0261857969275454,0,0
DUSP6,3,-0.8585677226327464,1.0,6.847381093492322e-09,0.3333333333333333,0.7154731021939552,1,1
E2F3,3,-0.5228735243096998,1.0,6.448537184651977e-05,0.0,0.2614367621548499,1,1
EFR3B,3,-0.5346195308146546,1.0,0.0013378166173018,0.3333333333333333,0.4455162756788788,1,1
ENAH,3,0.2592940604221532,0.6666666666666666,0.0785072700682527,0.0,0.086431353474051,0,0
ETHE1,3,0.0863000354579313,1.0,0.4789322775310869,0.0,0.0431500177289656,0,0
F8,3,0.025693444660813,0.6666666666666666,0.0381912143371167,0.0,0.0085644815536043,0,0
FBXO30,3,0.0208959322993242,1.0,0.6829024716301393,0.0,0.0104479661496621,0,0
FBXW7,3,-0.5588569709771969,1.0,0.0067455224999539,0.0,0.2794284854885984,1,1
FIBP,3,-0.5646696147735728,1.0,0.0002835146792549,0.3333333333333333,0.4705580123113106,1,1
FKBP5,3,1.20251965462713,1.0,0.0034837466156288,0.3333333333333333,1.002099712189275,1,1
FOXS1,3,-0.2653861778273494,1.0,0.2038754451876,0.0,0.1326930889136747,0,0
GAD1,3,-0.8220035477581007,1.0,0.0059085408347599,0.0,0.4110017738790503,1,1
GALNT6,3,0.1811533341354776,1.0,0.7683291387256097,0.0,0.0905766670677388,0,0
GFAP,3,0.8470036751661176,1.0,0.0024507363054068,0.0,0.4235018375830588,1,1
GJA5,3,0.0133936941389554,0.6666666666666666,0.2208362257340828,0.0,0.0044645647129851,0,0
GLTP,3,0.5311330551950686,1.0,0.0072279947788541,0.0,0.2655665275975343,1,1
GNL3,3,-0.0116199923474171,0.6666666666666666,0.5392013301471306,0.0,0.0038733307824723,0,0
GPR141,3,0.0040851765544656,0.6666666666666666,0.0175933427109929,0.0,0.0013617255181552,0,0
GPR180,3,0.081774785476659,1.0,0.7580298924870923,0.0,0.0408873927383295,0,0
GPR78,3,-0.1196055558421313,1.0,0.3298695490773207,0.0,0.0598027779210656,0,0
GRIA3,3,-0.5310144041978022,1.0,0.0040302495144561,0.0,0.2655072020989011,1,1
GRM8,3,-0.5946878372010507,1.0,0.0041610152621408,0.0,0.2973439186005253,1,1
HABP2,3,-0.0085563917558308,0.6666666666666666,0.8299148248820459,0.0,0.0028521305852769,0,0
HES4,3,-0.5033214173394533,1.0,0.0016274327627552,0.0,0.2516607086697267,1,1
HTR3B,3,-0.7619581230560679,1.0,0.0060232060963247,0.0,0.3809790615280339,1,1
HVCN1,3,0.6156990137240745,1.0,0.0091593413781506,0.0,0.3078495068620372,1,1
HYOU1,3,-0.0852087489682942,1.0,0.3556660067822784,0.0,0.0426043744841471,0,0
IGFBP3,3,-0.0623317900488262,0.6666666666666666,0.7727546487303218,0.0,0.0207772633496087,0,0
IKZF2,3,0.6465830486587203,1.0,0.003484748633878,0.0,0.3232915243293601,1,1
IL12RB1,3,-0.0490270148732624,1.0,0.7980641959094239,0.0,0.0245135074366312,0,0
IRAK2,3,0.6027595137634973,1.0,0.0070721339459424,0.0,0.3013797568817487,1,1
ITGB8,3,0.6352392706299028,1.0,0.0037260550504898,0.0,0.3176196353149514,1,1
JMJD1C,3,0.0406310974545673,0.6666666666666666,0.4583410153605002,0.0,0.0135436991515224,0,0
JUP,3,0.548871158509213,1.0,0.0025824883973548,0.0,0.2744355792546065,1,1
KCTD13,3,-0.0753597660381784,1.0,0.8875242136216739,0.0,0.0376798830190892,0,0
KRT17,3,0.0048517308700102,0.6666666666666666,0.5512221560491286,0.0,0.0016172436233367,0,0
KRT5,3,-0.6346358720489372,1.0,0.0002351765399151,0.3333333333333333,0.5288632267074477,1,1
MAS1,3,-0.9647771907829426,1.0,0.0008807607372346,0.3333333333333333,0.8039809923191187,1,1
MCHR1,3,-0.91366670070362,1.0,0.0026369313063369,0.3333333333333333,0.7613889172530166,1,1
MRGPRE,3,-0.0283380696853663,0.6666666666666666,0.4238733509192102,0.0,0.0094460232284554,0,0
NCALD,3,-0.8629155644634805,1.0,0.0029836154593187,0.0,0.4314577822317402,1,1
NEUROD6,3,-1.4229184371828634,1.0,5.721513915920362e-05,0.3333333333333333,1.1857653643190529,1,1
NMB,3,0.0493962447921813,1.0,0.4612398064841955,0.0,0.0246981223960906,0,0
NRN1,3,-0.9407119325868752,1.0,0.0004677560793853,0.3333333333333333,0.7839266104890626,1,1
NTN1,3,0.1611586630616068,0.6666666666666666,0.7416706949296229,0.0,0.0537195543538689,0,0
OGDHL,3,-0.6352570067093737,1.0,0.0070655253462277,0.0,0.3176285033546868,1,1
P2RX7,3,0.528166356429534,1.0,0.0005700825823161,0.3333333333333333,0.440138630357945,1,1
PCTP,3,-0.0974069037881384,1.0,0.6573640441864028,0.0,0.0487034518940692,0,0
PDE10A,3,-0.5308423941319349,1.0,0.0003127953367866,0.3333333333333333,0.4423686617766124,1,1
PHF19,3,0.5515909931789547,1.0,0.0019455346129604,0.3333333333333333,0.4596591609824622,1,1
PHF20L1,3,-0.0852429442126183,0.6666666666666666,0.489477610643736,0.0,0.0284143147375394,0,0
PPEF1,3,-1.046326136212511,1.0,0.0007226113136796,0.3333333333333333,0.871938446843759,1,1
PPP2R2A,3,0.0049670887974286,0.6666666666666666,0.9846867995792664,0.0,0.0016556962658095,0,0
PREP,3,-0.5007703483369292,1.0,0.0006856007427762,0.0,0.2503851741684646,1,1
PRKX,3,0.6052423695383164,1.0,0.0001338531053882,0.3333333333333333,0.5043686412819304,1,1
PRPF40A,3,0.1498972321743368,0.6666666666666666,0.3618380571532882,0.0,0.0499657440581122,0,0
PTGS2,3,-0.6223322469133659,1.0,0.0062231209592895,0.0,0.3111661234566829,1,1
PTPN5,3,-0.5358324384316981,1.0,0.0054130173821505,0.0,0.267916219215849,1,1
PVALB,3,-0.1584702404503093,0.6666666666666666,0.4590302318952409,0.0,0.0528234134834364,0,0
RCE1,3,0.1151873231007059,0.6666666666666666,0.2767703297615322,0.0,0.0383957743669019,0,0
RFFL,3,0.5172226310226424,1.0,0.0077011942270294,0.0,0.2586113155113212,1,1
RFTN2,3,0.5427608855567154,1.0,0.0085455034509999,0.0,0.2713804427783577,1,1
RNF175,3,-0.0549260949971293,0.6666666666666666,0.5357472131719385,0.0,0.0183086983323764,0,0
RPH3A,3,-1.5832182897068794,1.0,5.157783410583074e-06,0.3333333333333333,1.3193485747557328,1,1
RPL27A,3,0.094278694598394,1.0,0.6593543396850199,0.0,0.047139347299197,0,0
RPL39,3,0.3016625674747875,0.6666666666666666,0.38971169936626,0.0,0.1005541891582624,0,0
RPL39L,3,0.096326588275351,0.6666666666666666,0.4806763657061342,0.0,0.0321088627584503,0,0
RPS6KA3,3,-0.0095408254406379,0.6666666666666666,0.1944181867576141,0.0,0.0031802751468793,0,0
RSPO1,3,-0.2867585789924392,0.6666666666666666,0.1348866756510757,0.0,0.0955861929974797,0,0
RTKN2,3,-0.5063942728010546,1.0,0.0092848893464303,0.0,0.2531971364005273,1,1
SCG2,3,-0.9040129035145216,1.0,0.0086170752917527,0.3333333333333333,0.7533440862621013,1,1
SELP,3,-0.1607260019792094,0.6666666666666666,0.0960114655964559,0.0,0.0535753339930697,0,0
SERPINA5,3,0.6606237518961269,1.0,0.0003055855104729,0.3333333333333333,0.5505197932467724,1,1
SERPINB13,3,-0.0007124701821133,0.6666666666666666,0.9633128075673087,0.0,0.0002374900607044,0,0
SHD,3,-0.5890737199722499,1.0,0.0017536129521315,0.0,0.2945368599861249,1,1
SLC12A7,3,-0.2103586782002651,0.6666666666666666,0.524746040162402,0.0,0.0701195594000883,0,0
SLC22A25,3,-0.2076277654464862,1.0,0.4327959479903244,0.0,0.1038138827232431,0,0
SLC25A12,3,-0.2639690378808597,0.6666666666666666,0.1530240406092286,0.0,0.0879896792936199,0,0
SLC29A2,3,0.3436544945808446,0.6666666666666666,0.1475515470691762,0.0,0.1145514981936148,0,0
SLC38A2,3,0.5004470268434797,1.0,0.0005295908253427,0.3333333333333333,0.4170391890362331,1,1
SNORA77,3,0.5813066196769257,1.0,0.0077744889276409,0.0,0.2906533098384628,1,1
SNORD46,3,0.4937675663860865,1.0,0.0872713607374298,0.0,0.2468837831930432,0,0
SPTLC2,3,0.3548382759507564,1.0,0.1134527618047252,0.0,0.1774191379753782,0,0
SRXN1,3,-0.05449007475619,0.6666666666666666,0.8592272158072236,0.0,0.0181633582520633,0,0
STAM2,3,0.1232325263592208,0.6666666666666666,0.0438553727825477,0.0,0.0410775087864069,0,0
TMED8,3,-0.0756838989595944,0.6666666666666666,0.1671059153087685,0.0,0.0252279663198648,0,0
TMEM100,3,-0.0153581069854069,0.6666666666666666,0.0417666527249686,0.0,0.0051193689951356,0,0
TMEM14A,3,-0.2329516714379376,0.6666666666666666,0.3994659264264427,0.0,0.0776505571459792,0,0
TMEM214,3,-0.0716658284480162,0.6666666666666666,0.6638558909403607,0.0,0.023888609482672,0,0
TRIM16L,3,0.1399582335185596,1.0,0.758696519348833,0.0,0.0699791167592798,0,0
TSPAN7,3,-0.7992562184751808,1.0,0.0074980355678867,0.0,0.3996281092375904,1,1
TSSK3,3,0.0854151126221194,1.0,0.0883352795172728,0.0,0.0427075563110597,0,0
TXNDC17,3,-0.0549003730654544,1.0,0.8599327774516292,0.0,0.0274501865327272,0,0
UHRF1,3,0.7388361900380738,1.0,0.0091661838123437,0.0,0.3694180950190369,1,1
VGF,3,-2.0929046703202907,1.0,5.939818476661909e-06,0.3333333333333333,1.7440872252669088,1,1
YWHAG,3,-0.5264359893082284,1.0,0.0057262155265269,0.0,0.2632179946541142,1,1
ZDHHC23,3,-0.8246868219390371,1.0,0.0091826008610947,0.0,0.4123434109695185,1,1
ZMIZ2,3,-0.0273322883168898,0.6666666666666666,0.981707288430211,0.0,0.0091107627722966,0,0
ZNF157,3,-0.1181699456162679,0.6666666666666666,0.5207934063431126,0.0,0.0393899818720892,0,0
ZNF219,3,-0.1285184098413974,0.6666666666666666,0.2502123302999082,0.0,0.0428394699471324,0,0
ZNF417,3,0.1325568570178896,1.0,0.1189940183504987,0.0,0.0662784285089448,0,0
ZNF652,3,0.6383090923877681,1.0,0.0075436531645047,0.3333333333333333,0.5319242436564734,1,1
