gene,median_log2fc,combined_p,evidence_score,gene_name,gene_type,ad_evidence_level,human_ad_evidence,mechanistic_evidence,synaptic_evidence,tau_evidence,amyloid_evidence,neuroinflammation_evidence,pmid,literature_note,pubmed_total_hits,papers_reviewed_auto,auto_evidence_level,human_hits,mechanistic_hits,synaptic_hits,tau_hits,amyloid_hits,neuroinflammation_hits,pmids_auto,top_titles
VGF,-2.0929046703202907,5.939818476661909e-06,1.7440872252669088,VGF nerve growth factor inducible,protein-coding,strong,yes,yes,yes,unclear,yes,unclear,40095667,Human CSF VGF levels are associated with Alzheimer disease onset and progression; VGF is also implicated in AD-related molecular networks.,81,10,strong_candidate,10,7,5,4,5,1,41186756;40660303;40823340;40334744;40945027;40082954;36912488;41279079;37177846;30349450,"VGF AQEE- and GGEE-peptides differentiate between dementia types. || Proteomic landscape of Alzheimer's disease: emerging technologies, advances and insights (2021 - 2025). || Proteogenomic signature of Alzheimer's disease and related dementia risk in individuals with major depressive disorder. || Discovery of Proteoforms Associated With Alzheimer's Disease Through Quantitative Top-Down Proteomics. || Cognitive resilience in preclinical Alzheimer's disease: Higher NPTX2 and VGF levels are associated with reduced cognitive decline."
RPH3A,-1.5832182897068794,5.157783410583074e-06,1.3193485747557328,rabphilin 3A,protein-coding,strong,yes,yes,yes,limited,yes,unclear,24200817,RPH3A is reduced in postmortem AD neocortex and correlates with dementia severity and amyloid burden; Aβ exposure also reduces RPH3A in cultured neurons.,7,7,moderate_candidate,5,5,4,1,2,2,41509242;39134564;39872979;38394722;32609320;24200817;42753521,Kv1.3 inhibition alleviates neuropathology via neuroinflammatory and resilience pathways in a mouse model of Abeta pathology. || Multiple Transcriptomic Analyses Explore Potential Synaptic Biomarker Rabphilin-3A for Alzheimer's Disease. || Neuroinflammation mediates the progression of neonate hypoxia-ischemia brain damage to Alzheimer's disease: a bioinformatics and experimental study. || Associations of brain morphology with cortical proteins of cognitive resilience. || Cortical Proteins Associated With Cognitive Resilience in Community-Dwelling Older Persons.
NEUROD6,-1.4229184371828634,5.721513915920362e-05,1.1857653643190529,neuronal differentiation 6,protein-coding,strong,yes,limited,yes,unclear,unclear,unclear,25548427,NEUROD6 was consistently downregulated in Alzheimer brain RNA-seq datasets from independent cohorts.,6,6,moderate_candidate,3,2,2,0,0,1,39215110;26202100;26433351;26395074;25548427;20517466,Unveiling disulfidptosis-related biomarkers and predicting drugs in Alzheimer's disease. || Integrated genomic approaches identify major pathways and upstream regulators in late onset Alzheimer's disease. || Linkage analyses in Caribbean Hispanic families identify novel loci associated with familial late-onset Alzheimer's disease. || Leveraging existing data sets to generate new insights into Alzheimer's disease biology in specific patient subsets. || RNA-Seq data mining: downregulation of NeuroD6 serves as a possible biomarker for alzheimer's disease brains.
FKBP5,1.20251965462713,0.0034837466156288,1.002099712189275,FKBP prolyl isomerase 5,protein-coding,strong,yes,yes,limited,yes,limited,unclear,23999428,"FKBP51, encoded by FKBP5, stabilizes tau through Hsp90-related mechanisms; levels increase with age and Alzheimer disease progression.",26,10,strong_candidate,7,10,4,2,2,6,38934263;38528004;41368712;30898012;41519279;34024231;41490158;39465382;37066393;35292372,SKArred 2 death: neuroinflammatory breakdown of the hippocampus. || SKA2 regulated hyperactive secretory autophagy drives neuroinflammation-induced neurodegeneration. || Relationships between sarcopenia and Alzheimer's disease: screening for mitochondria-related biomarkers. || Activation of PPARA-mediated autophagy reduces Alzheimer disease-like pathology and cognitive decline in a murine model. || Elevated FKBP5 expression associates with epilepsy-related molecular changes and promotes neuronal hyperexcitability.
PPEF1,-1.046326136212511,0.0007226113136796,0.871938446843759,protein phosphatase with EF-hand domain 1,protein-coding,moderate,yes,limited,limited,unclear,unclear,limited,26202100;39215110,"PPEF1 has been repeatedly implicated in transcriptomic and bioinformatic analyses of late-onset Alzheimer disease, including large meta-analysis work.",4,4,moderate_candidate,1,2,0,0,0,1,39215110;41500484;31816601;26202100,Unveiling disulfidptosis-related biomarkers and predicting drugs in Alzheimer's disease. || ERAPID: an end‑to‑end RNA‑seq analysis pipeline for integrative candidate biomarker discovery with applications to neuropsychiatric disorders. || Identification of molecular correlations of RBM8A with autophagy in Alzheimer's disease. || Integrated genomic approaches identify major pathways and upstream regulators in late onset Alzheimer's disease.
CRH,-1.036925261482761,0.0002661564775102,0.8641043845689675,corticotropin releasing hormone,protein-coding,moderate,yes,yes,limited,unclear,limited,unclear,3029628;3502064;11442356,Reduced CRH has been reported in Alzheimer cortex and CSF; experimental work suggests CRH may influence neuronal responses to AD-relevant stressors.,84,10,strong_candidate,6,7,4,3,4,1,37704597;41113932;42216384;41480410;35221911;40661363;30837843;34901719;2173839;32382294,CSF proteome profiling reveals biomarkers to discriminate dementia with Lewy bodies from Alzheimer s disease. || Predictive gene expression signatures for Alzheimer's disease using post-mortem brain tissue. || Common biomarkers of Alzheimer disease and postoperative delirium. || Hippocampus-targeted BDNF gene therapy to rescue cognitive impairments of Alzheimer's disease in multiple mouse models. || Identification of Molecular Signatures and Candidate Drugs in Vascular Dementia by Bioinformatics Analyses.
MAS1,-0.9647771907829426,0.0008807607372346,0.8039809923191187,"MAS1 proto-oncogene, G protein-coupled receptor",protein-coding,strong,yes,yes,yes,yes,yes,yes,37813091;32701063,MAS1 expression is reduced at advanced Braak stages and inversely related to amyloid and tau load in human cortex; experimental activation of the ACE2/Ang-(1-7)/MAS1 axis improves AD-like pathology in mice.,6,6,moderate_candidate,1,4,2,2,4,4,37813091;36755969;34901930;32701063;29667931;42496823,"Altered Gene Expression Within the Renin-Angiotensin System in Normal Aging and Dementia. || AVE 0991 Suppresses Astrocyte-Mediated Neuroinflammation of Alzheimer's Disease by Enhancing Autophagy. || Angiotensin (1-7) Expressing Probiotic as a Potential Treatment for Dementia. || ACE2 activator diminazene aceturate ameliorates Alzheimer's disease-like neuropathology and rescues cognitive impairment in SAMP8 mice. || AVE0991, a nonpeptide analogue of Ang-(1-7), attenuates aging-related neuroinflammation."
NRN1,-0.9407119325868752,0.0004677560793853,0.7839266104890626,neuritin 1,protein-coding,strong,yes,yes,yes,yes,limited,unclear,37024090;41645874;40296620,NRN1 is associated with cognitive resilience to Alzheimer pathology and has been investigated as an AD therapeutic target; recent work also links it to tau-related mechanisms.,12,10,strong_candidate,7,9,6,2,4,0,40660303;38478169;41645874;31176712;38165375;33678755;32609320;37799623;26423933;37024090,"Proteomic landscape of Alzheimer's disease: emerging technologies, advances and insights (2021 - 2025). || Analysis and experimental validation of necroptosis-related molecular classification, immune signature and feature genes in Alzheimer's disease. || NRN1 as a therapeutic target for Alzheimer's disease. || Association of AEBP1 and NRN1 RNA expression with Alzheimer's disease and neurofibrillary tangle density in middle temporal gyrus. || Proteome-wide Analyses Identified Cortical Proteins Associated With Resilience for Varied Cognitive Abilities."
MCHR1,-0.91366670070362,0.0026369313063369,0.7613889172530166,melanin concentrating hormone receptor 1,protein-coding,unclear,unclear,unclear,limited,unclear,unclear,unclear,,"MCHR1 is brain-enriched and neurobiologically relevant, but targeted review did not identify strong direct Alzheimer-specific evidence.",0,0,unclear,0,0,0,0,0,0,,
SCG2,-0.9040129035145216,0.0086170752917527,0.7533440862621013,secretogranin II,protein-coding,moderate,yes,limited,yes,limited,limited,unclear,37160957;41279079;32518535,SCG2 is altered in AD CSF proteomics and is part of a neuronal plasticity/synaptic expression cluster disrupted in AD cortex.,9,9,strong_candidate,8,5,7,4,3,0,41279079;42436533;37160957;34314836;34238925;32518535;37468915;32552841;31248178,"Transcriptomic and protein analysis of human cortex reveals genes and pathways linked to NPTX2 disruption in Alzheimer's disease. || Analytical and clinical validation of a novel proximity extension assay-based plasma biomarker panel in a cohort of prevalent neurodegenerative dementias. || Quantitative Mass Spectrometry Analysis of Cerebrospinal Fluid Protein Biomarkers in Alzheimer's Disease. || Revealing NOTCH-dependencies in synaptic targets associated with Alzheimer's disease. || An increase in VGF expression through a rapid, transcription-independent, autofeedback mechanism improves cognitive function."
ADAMTS2,0.8656690105555511,0.0088987778603084,0.7213908421296259,ADAM metallopeptidase with thrombospondin type 1 motif 2,protein-coding,strong,yes,limited,limited,yes,limited,limited,41059714;35557837;39606402,ADAMTS2 is strongly and reproducibly upregulated in human AD brain datasets and has been associated with cognitive decline and neuropathologic severity.,7,7,moderate_candidate,6,6,4,4,4,1,35557837;41278792;39606402;41059714;41723778;31491533;15693998,The Key Factors Predicting Dementia in Individuals With Alzheimer's Disease-Type Pathology. || Transcriptomic profiling of the middle temporal gyrus reveals differential glial/neuronal dysregulation across Alzheimer's disease and aging. || Transcriptome Signatures for Cognitive Resilience Among Individuals with Pathologically Confirmed Alzheimer Disease. || Novel differentially expressed genes and multiple biological pathways for Alzheimer's disease identified in brain tissue from African American donors. || Unravelling Synaptic and Metabolic Mechanisms of Cognitive Resilience in Asymptomatic Alzheimer's Disease Across Two Alzheimer's Disease Cohorts.
DUSP6,-0.8585677226327464,6.847381093492322e-09,0.7154731021939552,dual specificity phosphatase 6,protein-coding,strong,yes,yes,limited,unclear,yes,unclear,37662269;39006222,DUSP6 is a hub in a VGF-related late-onset AD network; DUSP6 overexpression reduced amyloid burden and improved memory in 5xFAD mice.,7,7,moderate_candidate,4,7,5,2,5,3,40374629;25001178;30572643;31351091;40599204;37662269;39006222,Combining cross-sectional and longitudinal genomic approaches to identify determinants of cognitive and physical decline. || MicroRNA-125b induces tau hyperphosphorylation and cognitive deficits in Alzheimer's disease. || Dual Specificity Phosphatase 6 Protects Neural Stem Cells from beta-Amyloid-Induced Cytotoxicity through ERK1/2 Inactivation. || Promoter DNA hypermethylation - Implications for Alzheimer's disease. || BDNF gene therapy rescues neuronal function via unique and common transcriptional responses in Abeta and tau-driven Alzheimer's disease mouse models.
ABCC12,-0.823728592211697,2.6357246739019636e-05,0.6864404935097475,ATP binding cassette subfamily C member 12,protein-coding,unclear,unclear,unclear,unclear,unclear,unclear,unclear,,Targeted review did not identify strong direct Alzheimer-specific evidence; retain as an exploratory candidate rather than calling it novel.,1,1,limited_candidate,0,1,1,1,1,0,42733437,Deep Neural Network Classifier for Alzheimer's Disease.
CPM,0.707883304559652,0.0008664108142573,0.5899027537997099,carboxypeptidase M,protein-coding,limited,yes,unclear,unclear,unclear,unclear,limited,15722950,"CPM appeared among altered transcripts in an older human AD lymphocyte expression study, but direct brain or mechanistic evidence remains limited.",27,10,strong_candidate,6,7,0,3,6,0,26206249;39281738;41089659;40110659;32156251;39082002;32595501;29587223;20809128;40336267,Role of neuroimaging in multidisciplinary approach towards Non-Alzheimer's dementia. || Connectome-based predictive modeling of brain pathology and cognition in Autosomal Dominant Alzheimer's Disease. || GenCPM: a toolbox for generalized connectome-based predictive modeling. || Connectome-based predictive modeling of brain pathology and cognition in autosomal dominant Alzheimer's disease. || Neural stem cell-conditioned medium ameliorates Abeta25-35-induced damage in SH-SY5Y cells by protecting mitochondrial function.
BDNF,-0.7005871131380594,0.003674649622338,0.5838225942817161,brain derived neurotrophic factor,protein-coding,strong,yes,yes,yes,yes,yes,limited,9387865;26819457;27701410,"BDNF is reduced in Alzheimer brain; higher cortical BDNF expression is associated with slower cognitive decline, and experimental work supports neuroprotective effects.",2599,10,strong_candidate,6,8,6,4,5,3,35090576;39205389;38791161;36498925;34093436;35130907;37732619;31037648;30190379;22699449,Brain-derived neurotrophic factor in Alzheimer's disease and its pharmaceutical potential. || A small TAT-TrkB peptide prevents BDNF receptor cleavage and restores synaptic physiology in Alzheimer's disease. || Curcumin Improves Neurogenesis in Alzheimer's Disease Mice via the Upregulation of Wnt/beta-Catenin and BDNF. || Gene- and Gender-Related Decrease in Serum BDNF Levels in Alzheimer's Disease. || Effects of Aerobic Exercise Training on Systemic Biomarkers and Cognition in Late Middle-Aged Adults at Risk for Alzheimer's Disease.
CEND1,-0.6685435145607768,0.0040994876782954,0.5571195954673139,cell cycle exit and neuronal differentiation 1,protein-coding,strong,yes,yes,yes,yes,yes,limited,35732922;39562718,"CEND1 deficiency causes mitochondrial dysfunction and cognitive impairment in AD models; overexpression rescues deficits, and circulating CEND1 has also been associated with future AD risk.",3,3,limited_candidate,2,3,2,0,0,1,35732922;39562718;39872979,CEND1 deficiency induces mitochondrial dysfunction and cognitive impairment in Alzheimer's disease. || Large-scale proteomic analyses of incident Alzheimer's disease reveal new pathophysiological insights and potential therapeutic targets. || Neuroinflammation mediates the progression of neonate hypoxia-ischemia brain damage to Alzheimer's disease: a bioinformatics and experimental study.
SERPINA5,0.6606237518961269,0.0003055855104729,0.5505197932467724,serpin family A member 5,protein-coding,strong,yes,yes,limited,yes,limited,limited,33875655;37327267,SERPINA5 expression is associated with selective hippocampal vulnerability in AD and colocalizes with tau pathology; a rare coding variant did not explain clinicopathologic differences.,5,5,moderate_candidate,5,2,2,2,0,1,40469059;37327267;33875655;25982926;42618108,"LC-MS/MS proteomics identifies plasma proteins related to cognition over 9-year follow-up. || The SERPINA5 coding variant E228Q does not contribute to clinicopathologic characteristics in Alzheimer's disease: A cross-sectional study. || Transcriptomic analysis to identify genes associated with selective hippocampal vulnerability in Alzheimer's disease. || Altered Expression of Brain Proteinase-Activated Receptor-2, Trypsin-2 and Serpin Proteinase Inhibitors in Parkinson's Disease. || A robust HPLC-HILIC enrichment system for O-glycoproteomics profiling of plasma and cerebrospinal fluid across Alzheimer's disease progression."
BEX5,-0.6477491768298465,0.0003685511290932,0.5397909806915386,brain expressed X-linked 5,protein-coding,unclear,unclear,unclear,unclear,unclear,unclear,unclear,,Direct Alzheimer-specific evidence remains unclear from the targeted literature review.,0,0,unclear,0,0,0,0,0,0,,
ZNF652,0.6383090923877681,0.0075436531645047,0.5319242436564734,zinc finger protein 652,protein-coding,unclear,unclear,unclear,unclear,unclear,unclear,unclear,,Direct Alzheimer-specific evidence remains unclear from the targeted literature review.,2,2,limited_candidate,1,2,0,1,1,0,38706793;39201500,"Dissecting the shared genetic architecture between Alzheimer's disease and frailty: a cross-trait meta-analyses of genome-wide association studies. || Investigating Genetic Overlap between Alzheimer's Disease, Lipids, and Coronary Artery Disease: A Large-Scale Genome-Wide Cross Trait Analysis."
KRT5,-0.6346358720489372,0.0002351765399151,0.5288632267074477,keratin 5,protein-coding,unclear,unclear,unclear,unclear,unclear,unclear,unclear,,Direct Alzheimer-specific evidence remains unclear; retain as exploratory.,0,0,unclear,0,0,0,0,0,0,,
PRKX,0.6052423695383164,0.0001338531053882,0.5043686412819304,protein kinase cAMP-dependent X-linked catalytic subunit,protein-coding,unclear,unclear,unclear,unclear,unclear,unclear,unclear,,Targeted literature review did not identify convincing direct Alzheimer-specific evidence.,0,0,unclear,0,0,0,0,0,0,,
COL12A1,-0.5667024366252562,0.0019925816404517,0.4722520305210468,collagen type XII alpha 1 chain,protein-coding,unclear,limited,unclear,unclear,unclear,unclear,unclear,,"Some genetic databases link COL12A1 loci to AD, but direct transcriptomic or mechanistic evidence is not yet strong enough here for a higher evidence label.",0,0,unclear,0,0,0,0,0,0,,
FIBP,-0.5646696147735728,0.0002835146792549,0.4705580123113106,FGF1 intracellular binding protein,protein-coding,strong,yes,limited,limited,yes,yes,yes,41866337,"Decreased FIBP expression is associated with AD, amyloidopathy and tauopathy in human brain cohorts, with replication across ROSMAP and MSBB regions; newer immune-cell analyses also link FIBP expression to AD risk.",5,5,moderate_candidate,4,5,0,1,1,1,41854441;41866337;35931864;41143248;40908685,Transcriptomic Insights Into Alzheimer's Disease: Differentially Expressed Genes and Cholesterol Metabolism. || Population and single-cell analyses reveal immune cell-specific expression profiles associated with Alzheimer's disease risk. || Genetics of the human microglia regulome refines Alzheimer's disease risk loci. || Deciphering Alzheimer's disease transcriptomics: exploration and validation of core genes in tau and Abeta pathological models toward novel therapeutic targets. || From Anesthetic to Neuroprotector: Multi-Omics Reveals Ketamine's Previously Unexplored Neuroprotective Role in Alzheimer's Disease.
PHF19,0.5515909931789547,0.0019455346129604,0.4596591609824622,PHD finger protein 19,protein-coding,limited,limited,yes,limited,unclear,yes,limited,41825614,"PHF19-PRC2 signaling was implicated in pericyte injury, blood-brain barrier dysfunction and behavioral deficits in Aβ-treated cells and APP/PS1 mice.",2,2,limited_candidate,1,2,0,0,1,0,35105355;41825614,Diagnostic Evidence GAuge of Single cells (DEGAS): a flexible deep transfer learning framework for prioritizing cells in relation to disease. || PDGF-BB mitigates pericyte injury by activating the PHF19-PRC2 complex via the miR-221/BRCA1 signaling axis in Alzheimer's disease.
EFR3B,-0.5346195308146546,0.0013378166173018,0.4455162756788788,EFR3 homolog B,protein-coding,unclear,unclear,unclear,limited,unclear,unclear,unclear,,Direct Alzheimer-specific evidence remains unclear from targeted review.,0,0,unclear,0,0,0,0,0,0,,
PDE10A,-0.5308423941319349,0.0003127953367866,0.4423686617766124,phosphodiesterase 10A,protein-coding,moderate,limited,yes,yes,yes,yes,yes,41146234,"PDE10A inhibition improves CREB signaling and neuronal resilience in AD models, reducing amyloid-beta, phosphorylated tau and neuroinflammation while improving synaptic and cognitive phenotypes.",12,10,strong_candidate,7,9,2,1,1,1,41146234;33914237;32938236;33356029;34907481;31728850;40215195;33414502;24184653;29175000,"Dual PDE4/10A inhibition restores CREB1 function and enhances neuronal resilience in models of alzheimer's disease. || Papaverine, a Phosphodiesterase 10A Inhibitor, Ameliorates Quinolinic Acid-Induced Synaptotoxicity in Human Cortical Neurons. || Quetiapine and novel PDE10A inhibitors potentiate the anti-BuChE activity of donepezil. || The role of circadian rhythm in the regulation of cellular protein profiles in the brain. || Selectivity mechanism of phosphodiesterase isoform inhibitor through in silico investigations."
P2RX7,0.528166356429534,0.0005700825823161,0.440138630357945,purinergic receptor P2X 7,protein-coding,moderate,yes,yes,limited,unclear,limited,yes,40987420,P2RX7 regulates human microglia-like cell function and has been linked to inflammatory pathways associated with Alzheimer disease traits.,15,10,strong_candidate,7,9,4,4,3,8,40678243;32116543;40987420;38645234;35887215;32811520;41672153;38360834;32423012;40207815,P2RX7 regulates tauopathy progression via tau and mitochondria loading in extracellular vesicles. || Association of Hypomorphic P2X7 Receptor Genotype With Age. || P2RX7 modulates the function of human microglia-like cells and mediates the association of IL18 with Alzheimer's disease traits. || IL-1RA Disrupts ATP Activation of P2RX7 in Human Monocyte-Derived Microglia-like Cells. || Identification of Leukocyte Surface P2X7 as a Biomarker Associated with Alzheimer's Disease.
NCALD,-0.8629155644634805,0.0029836154593187,0.4314577822317402,neurocalcin delta,protein-coding,moderate,yes,limited,limited,unclear,unclear,unclear,37349795,NCALD showed genome-wide significant pleiotropic association with longitudinal language and memory phenotypes relevant to AD and related dementias.,6,6,moderate_candidate,3,6,4,0,0,0,33356029;30469050;35883512;24496069;24844689;37349795,The role of circadian rhythm in the regulation of cellular protein profiles in the brain. || Characterization of neurocalcin delta membrane binding by biophysical methods. || Zinc Modulation of Neuronal Calcium Sensor Proteins: Three Modes of Interaction with Different Structural Outcomes. || Hyperhomocysteinemia and bleomycin hydrolase modulate the expression of mouse brain proteins involved in neurodegeneration. || Inactivation of the paraoxonase 1 gene affects the expression of mouse brain proteins involved in neurodegeneration.
GFAP,0.8470036751661176,0.0024507363054068,0.4235018375830588,glial fibrillary acidic protein,protein-coding,,,,,,,,,,2384,10,strong_candidate,7,4,1,7,6,3,37174709;38347190;37690071;38254693;40818509;38956042;41402627;40911305;39913137;39511865,GFAP as a Potential Biomarker for Alzheimer's Disease: A Systematic Review and Meta-Analysis. || Plasma proteomic profiles predict future dementia in healthy adults. || Astrocyte biomarkers GFAP and YKL-40 mediate early Alzheimer's disease progression. || Blood Biomarkers of Alzheimer's Disease and Cognition: A Literature Review. || Biomarker profile of a Chinese ALS cohort: A comprehensive clinical-biomarkers-imaging analysis.
SLC38A2,0.5004470268434797,0.0005295908253427,0.4170391890362331,solute carrier family 38 member 2,protein-coding,,,,,,,,,,6,6,moderate_candidate,4,5,3,3,1,1,38478169;35282112;39606402;41715163;33875655;40060644,"Analysis and experimental validation of necroptosis-related molecular classification, immune signature and feature genes in Alzheimer's disease. || Establishing a competing endogenous RNA (ceRNA)-immunoregulatory network associated with the progression of Alzheimer's disease. || Transcriptome Signatures for Cognitive Resilience Among Individuals with Pathologically Confirmed Alzheimer Disease. || Upregulation of SLC38A2 by melatonin attenuates hippocampal ferroptosis in Alzheimer's disease. || Transcriptomic analysis to identify genes associated with selective hippocampal vulnerability in Alzheimer's disease."
ZDHHC23,-0.8246868219390371,0.0091826008610947,0.4123434109695185,zDHHC palmitoyltransferase 23,protein-coding,,,,,,,,,,0,0,unclear,0,0,0,0,0,0,,
GAD1,-0.8220035477581007,0.0059085408347599,0.4110017738790503,glutamate decarboxylase 1,protein-coding,,,,,,,,,,16,10,strong_candidate,6,9,7,1,3,4,39650656;40467545;39210294;41278630;42161970;36635346;39213070;41868603;41300737;31507372,Identification of early Alzheimer's disease subclass and signature genes based on PANoptosis genes. || Intracellular accumulation of amyloid-ss is a marker of selective neuronal vulnerability in Alzheimer's disease. || Common molecular and pathophysiological underpinnings of delirium and Alzheimer's disease: molecular signatures and therapeutic indications. || Proteomic characterization of neuronal extracellular vesicle interactomes in Alzheimer's disease mouse model through TurboID-based proximity labeling. || Dual platform spatial transcriptomics reveals parvalbumin interneuron subtype vulnerability in mouse models of Alzheimer's disease.
TSPAN7,-0.7992562184751808,0.0074980355678867,0.3996281092375904,tetraspanin 7,protein-coding,,,,,,,,,,1,1,limited_candidate,1,1,1,0,1,1,32468130,"Tetraspanin 7 and its closest paralog tetraspanin 6: membrane organizers with key functions in brain development, viral infection, innate immunity, diabetes and cancer."
HTR3B,-0.7619581230560679,0.0060232060963247,0.3809790615280339,5-hydroxytryptamine receptor 3B,protein-coding,,,,,,,,,,1,1,limited_candidate,1,1,1,0,0,0,39329756,Cannabinol (CBN) Influences the Ion Channels and Synaptic-Related Genes in NSC-34 Cell Line: A Transcriptomic Study.
CSF1,0.7460248745297351,0.0033970653980611,0.3730124372648675,colony stimulating factor 1,protein-coding,,,,,,,,,,32,10,strong_candidate,10,9,0,1,4,9,39334471;40069774;40389754;33350588;40570367;39554174;38184014;33402196;39571157;30104955,"Knockdown of microglial iron import gene, Slc11a2, worsens cognitive function and alters microglial transcriptional landscape in a sex-specific manner in the APP/PS1 model of Alzheimer's disease. || A versatile mouse model to advance human microglia transplantation research in neurodegenerative diseases. || Elevated levels of salivary interleukin-34 in patients suffering from Alzheimer's disease. || Attenuated CSF-1R signalling drives cerebrovascular pathology. || Cytokine-induced reprogramming of human macrophages toward Alzheimer's disease-relevant molecular and cellular phenotypes in vitro."
UHRF1,0.7388361900380738,0.0091661838123437,0.3694180950190369,ubiquitin like with PHD and ring finger domains 1,protein-coding,,,,,,,,,,2,2,limited_candidate,1,2,0,0,0,0,36646969;32918118,Differential expression of m(5)C RNA methyltransferase genes NSUN6 and NSUN7 in Alzheimer's disease and traumatic brain injury. || Altered DNA methylation profiles in blood from patients with sporadic Creutzfeldt-Jakob disease.
DIRAS1,-0.7235824188486291,0.0052414598364815,0.3617912094243145,DIRAS family GTPase 1,protein-coding,,,,,,,,,,2,2,limited_candidate,1,0,0,1,0,0,40149871;37149695,THOP1 Is Entailed in a Genetic Fingerprint Associated with Late-Onset Alzheimer's Disease. || Entorhinal cortex epigenome-wide association study highlights four novel loci showing differential methylation in Alzheimer's disease.
ARL4D,-0.7207203016373466,0.0001413680281844,0.3603601508186733,ARF like GTPase 4D,protein-coding,,,,,,,,,,0,0,unclear,0,0,0,0,0,0,,
IKZF2,0.6465830486587203,0.003484748633878,0.3232915243293601,IKAROS family zinc finger 2,protein-coding,,,,,,,,,,0,0,unclear,0,0,0,0,0,0,,
OGDHL,-0.6352570067093737,0.0070655253462277,0.3176285033546868,oxoglutarate dehydrogenase L,protein-coding,,,,,,,,,,2,2,limited_candidate,1,1,0,1,1,1,34798170;31072331,"OGDHL ameliorates cognitive impairment and Alzheimer's disease-like pathology via activating Wnt/beta-catenin signaling in Alzheimer's disease mice. || Alternative cleavage and polyadenylation of genes associated with protein turnover and mitochondrial function are deregulated in Parkinson's, Alzheimer's and ALS disease."
ITGB8,0.6352392706299028,0.0037260550504898,0.3176196353149514,integrin subunit beta 8,protein-coding,,,,,,,,,,2,2,limited_candidate,1,2,0,1,1,1,37749326;41720779,APOE4 impairs the microglial response in Alzheimer's disease by inducing TGFbeta-mediated checkpoints. || Genetic modifiers of APOE-epsilon4-associated cognitive decline.
PTGS2,-0.6223322469133659,0.0062231209592895,0.3111661234566829,prostaglandin-endoperoxide synthase 2,protein-coding,,,,,,,,,,101,10,strong_candidate,4,9,4,2,6,4,29784049;38755521;40909607;35629210;40274471;37032823;40640358;35787281;35783137;41565030,Identification and therapeutic modulation of a pro-inflammatory subset of disease-associated-microglia in Alzheimer's disease. || Quercetin Inhibits Neuronal Pyroptosis and Ferroptosis by Modulating Microglial M1/M2 Polarization in Atherosclerosis. || Dual Inhibition of sEH and COX-2 Improved Cognition in Alzheimer's Disease via Enhanced Myogenic Response and Cerebral Artery Distensibility. || Pharmacogenetics of Donepezil and Memantine in Healthy Subjects. || Evaluation of exploratory fluid biomarkers from a phase 1 senolytic trial in mild Alzheimer's disease.
HVCN1,0.6156990137240745,0.0091593413781506,0.3078495068620372,hydrogen voltage gated channel 1,protein-coding,,,,,,,,,,1,1,limited_candidate,1,1,0,0,0,0,41854441,Transcriptomic Insights Into Alzheimer's Disease: Differentially Expressed Genes and Cholesterol Metabolism.
ADAM11,-0.6108478658300376,0.0023829143536041,0.3054239329150188,ADAM metallopeptidase domain 11,protein-coding,,,,,,,,,,1,1,limited_candidate,0,1,1,0,1,1,31236626,Functions of 'A disintegrin and metalloproteases (ADAMs)' in the mammalian nervous system.
IRAK2,0.6027595137634973,0.0070721339459424,0.3013797568817487,interleukin 1 receptor associated kinase 2,protein-coding,,,,,,,,,,2,2,limited_candidate,2,2,0,0,1,1,41727334;20937840,Comparison of CRISPR Sequences in Archaea and Bacteria with Eukaryotic microRNAs. || Differential regulation of interleukin-1 receptor-associated kinase-1 (IRAK-1) and IRAK-2 by microRNA-146a and NF-kappaB in stressed human astroglial cells and in Alzheimer disease.
GRM8,-0.5946878372010507,0.0041610152621408,0.2973439186005253,glutamate metabotropic receptor 8,protein-coding,,,,,,,,,,2,2,limited_candidate,2,2,2,1,1,0,39396906;41116277,"Hippocampal tau-induced GRIN3A deficiency in Alzheimer's disease. || An In silico Multi-Omics Investigation of Alzheimer's Disease Linking Gene Dysregulation, Mutations, and Protein Networks to Core Pathologies."
SHD,-0.5890737199722499,0.0017536129521315,0.2945368599861249,Src homology 2 domain containing transforming protein D,protein-coding,,,,,,,,,,5,5,moderate_candidate,0,5,2,1,4,2,39787692;41192695;41442122;38423408;42593101,Shenghui decoction inhibits neuronal cell apoptosis to improve Alzheimer's disease through the PDE4B/cAMP/CREB signaling pathway. || ShengHui Decoction mitigates oxidative stress and neuroinflammation in AlCl(3)-induced AD zebrafish via activating Nrf2/HO-1 and inhibiting NF-kappaB signaling pathway. || Molecular Mechanism of Beta-Amyloid Aggregation Inhibition by KLVFF. || Neuroprotective effects of Shenghui decoction via inhibition of the JNK/p38 MAPK signaling pathway in an AlCl(3)-induced zebrafish (Danio rerio) model of Alzheimer's disease. || Deep Learning-Based Enhancement of Already Diagnostic-Quality MRI for Alzheimer's Disease Classification: Effects on Model Performance and Training Data Requirements.
ACSL6,-0.5839895152948502,0.0007458299482065,0.2919947576474251,acyl-CoA synthetase long chain family member 6,protein-coding,,,,,,,,,,2,2,limited_candidate,2,2,1,0,0,0,36438927;33891334,A Bioinformatics Perspective on the Dysregulation of Ferroptosis and Ferroptosis-related Immune Cell Infiltration in Alzheimer's Disease. || APOE4 genotype exacerbates the impact of menopause on cognition and synaptic plasticity in APOE-TR mice.
SNORA77,0.5813066196769257,0.0077744889276409,0.2906533098384628,"small nucleolar RNA, H/ACA box 77",snoRNA,,,,,,,,,,0,0,unclear,0,0,0,0,0,0,,
FBXW7,-0.5588569709771969,0.0067455224999539,0.2794284854885984,F-box and WD repeat domain containing 7,protein-coding,,,,,,,,,,9,9,strong_candidate,6,9,4,5,3,2,42161904;41311387;40734451;42138198;41081092;35310542;34512273;38920643;41868751,FBXW7alpha regulates amyloid pathology by mediating ubiquitination and degradation of BACE1 in Alzheimer's disease. || Sorafenib promotes the E3 ubiquitin ligase FBXW7 to increase tau degradation and ameliorate tauopathies. || Integrated transcriptomic and proteomic analysis identifies FBXW7 as a key regulator of tau homeostasis in Alzheimer's disease. || miR‑223‑3p promotes microglial lactylation and M1 polarization via the FBXW7/Notch1/Hes1/SIRT1 axis. || Bioinformatic analysis and experimental validation of hub autophagy-related genes as novel biomarkers for type 2 diabetes mellitus and Alzheimer's disease.
JUP,0.548871158509213,0.0025824883973548,0.2744355792546065,junction plakoglobin,protein-coding,,,,,,,,,,3,3,limited_candidate,2,2,2,0,1,0,36578035;40276647;15857685,"Proteomics of the dentate gyrus reveals semantic dementia specific molecular pathology. || DEAD-Box Helicase 6 Blockade in Brain-Derived Abeta Oligomers From Alzheimer's Disease Patients Attenuates Neurotoxicity. || Expression of Catenin family members CTNNA1, CTNNA2, CTNNB1 and JUP in the primate prefrontal cortex and hippocampus."
RFTN2,0.5427608855567154,0.0085455034509999,0.2713804427783577,raftlin family member 2,protein-coding,,,,,,,,,,0,0,unclear,0,0,0,0,0,0,,
PTPN5,-0.5358324384316981,0.0054130173821505,0.267916219215849,protein tyrosine phosphatase non-receptor type 5,protein-coding,,,,,,,,,,5,5,moderate_candidate,2,4,3,2,1,0,33922601;37458988;37558948;24762948;22840751,Development of a Robust High-Throughput Screening Platform for Inhibitors of the Striatal-Enriched Tyrosine Phosphatase (STEP). || Role of Non-Receptor-Type Tyrosine Phosphatases in Brain-Related Diseases. || Detection of Cellular Target Engagement for Small-Molecule Modulators of Striatal-Enriched Protein Tyrosine Phosphatase (STEP). || Hidden risk genes with high-order intragenic epistasis in Alzheimer's disease. || Striatal-enriched protein tyrosine phosphatase in Alzheimer's disease.
GLTP,0.5311330551950686,0.0072279947788541,0.2655665275975343,glycolipid transfer protein,protein-coding,,,,,,,,,,2,2,limited_candidate,1,2,2,1,1,0,35867714;21453246,Stimulation of synaptic activity promotes TFEB-mediated clearance of pathological MAPT/Tau in cellular and mouse models of tauopathies. || Impaired neural transmission and synaptic plasticity in superior cervical ganglia from beta-amyloid rat model of Alzheimer's disease.
GRIA3,-0.5310144041978022,0.0040302495144561,0.2655072020989011,glutamate ionotropic receptor AMPA type subunit 3,protein-coding,,,,,,,,,,4,4,moderate_candidate,2,2,2,2,1,1,41390089;29324989;41024644;27453991,Integrating multimodal data to identify single nucleotide polymorphism-related biomarkers and regulatory mechanisms in Alzheimer's disease. || Synaptic markers of cognitive decline in neurodegenerative diseases: a proteomic approach. || TMTCrunch: A Proteomic Atlas of Alternative Splicing for Predicting Splicing-Induced Implications in Aging and Alzheimer's Disease. || A novel approach for multi-SNP GWAS and its application in Alzheimer's disease.
ABCD4,0.5299572284589207,0.005753245639479,0.2649786142294603,ATP binding cassette subfamily D member 4,protein-coding,,,,,,,,,,1,1,limited_candidate,1,0,0,0,0,0,23754956,Genetic architecture of vitamin B12 and folate levels uncovered applying deeply sequenced large datasets.
YWHAG,-0.5264359893082284,0.0057262155265269,0.2632179946541142,tyrosine 3-monooxygenase/tryptophan 5-monooxygenase activation protein gamma,protein-coding,,,,,,,,,,14,10,strong_candidate,9,7,7,6,7,4,40164724;41449232;38987357;41561087;39144488;38559166;30578620;41957344;37277809;42297098,"A cerebrospinal fluid synaptic protein biomarker for prediction of cognitive resilience versus decline in Alzheimer's disease. || Proteins Associated with Cognition in Amyloid-beta Positive Elders Based on Cerebrospinal Fluid Proteomics. || Multiplex cerebrospinal fluid proteomics identifies biomarkers for diagnosis and prediction of Alzheimer's disease. || Charting the research frontier for viral infections, immunomodulation, and dementia: a perspective on synaptic biomarkers as essential clinical trial endpoints. || Role of 14-3-3 protein family in the pathobiology of EBV in immortalized B cells and Alzheimer's disease."
CA2,0.5230870111641419,0.0091103708175644,0.2615435055820709,carbonic anhydrase 2,protein-coding,,,,,,,,,,3152,10,strong_candidate,3,10,5,3,6,3,29874566;38715119;37192560;25408503;22301681;27045242;40127100;39711489;41986732;40799120,Hallmarks of Brain Aging: Adaptive and Pathological Modification by Metabolic States. || Neuroinflammation is associated with Alzheimer's disease co-pathology in dementia with Lewy bodies. || Mitochondrial Ca(2+) signaling and Alzheimer's disease: Too much or too little? || Neuroprotection by saponins. || Dysregulation of Ca2+ homeostasis in Alzheimer's disease: role in acetylcholinesterase production and AMPA receptor internalization.
E2F3,-0.5228735243096998,6.448537184651977e-05,0.2614367621548499,E2F transcription factor 3,protein-coding,,,,,,,,,,2,2,limited_candidate,2,2,0,0,0,1,34609116;25364765,Genetic associated complications of type 2 diabetes mellitus. || Cardio-miRNAs and onco-miRNAs: circulating miRNA-based diagnostics for non-cancerous and cancerous diseases.
RFFL,0.5172226310226424,0.0077011942270294,0.2586113155113212,ring finger and FYVE like domain containing E3 ubiquitin protein ligase,protein-coding,,,,,,,,,,0,0,unclear,0,0,0,0,0,0,,
DPP6,-0.5130071940484413,0.0089005158901476,0.2565035970242206,dipeptidyl peptidase like 6,protein-coding,,,,,,,,,,9,9,strong_candidate,4,6,6,2,1,1,36209950;40109277;41024644;41977406;30874922;25740212;33225987;33591373;33591372,Alzheimer's disease/dementia-associated brain pathology in aging DPP6-KO mice. || The role of DPP6 dysregulation in neuropathology: from synaptic regulation to disease mechanisms. || TMTCrunch: A Proteomic Atlas of Alternative Splicing for Predicting Splicing-Induced Implications in Aging and Alzheimer's Disease. || DPP6 Loss Causes Age-Dependent Sleep Dysregulation and Depression-like Phenotypes Linked to Neurodegeneration. || Loss of DPP6 in neurodegenerative dementia: a genetic player in the dysfunction of neuronal excitability.
ADRA1B,-0.5084535650347393,0.0046162758357438,0.2542267825173696,adrenoceptor alpha 1B,protein-coding,,,,,,,,,,1,1,limited_candidate,1,1,1,0,0,0,42427719,Neuroticism is linked to cognitive decline and increased risk of Alzheimer's disease through dysregulation of excitatory neurons.
RTKN2,-0.5063942728010546,0.0092848893464303,0.2531971364005273,rhotekin 2,protein-coding,,,,,,,,,,2,2,limited_candidate,2,1,1,0,1,0,39702044;29066835,Genetic and neuro-epigenetic effects of divergent artificial selection for feather pecking behaviour in chickens. || Cellular hormetic response to 27-hydroxycholesterol promotes neuroprotection through AICD induction of MAST4 abundance and kinase activity.
HES4,-0.5033214173394533,0.0016274327627552,0.2516607086697267,hes family bHLH transcription factor 4,protein-coding,,,,,,,,,,2,2,limited_candidate,2,2,0,0,0,0,41602168;35592698,RNA transcripts in salivary extracellular vesicle cargo isolated from aged populations. || Exercise Modifies the Transcriptional Regulatory Features of Monocytes in Alzheimer's Patients: A Multi-Omics Integration Analysis Based on Single Cell Technology.
PREP,-0.5007703483369292,0.0006856007427762,0.2503851741684646,prolyl endopeptidase,protein-coding,,,,,,,,,,30,10,strong_candidate,5,9,4,2,3,2,42254865;29998529;37002885;31759088;30079347;29183787;32491259;37165090;31610373;37486018,Mass spectrometry-based proteomic profiling of human tauopathy brains suggests mitochondria-associated alterations. || Extracellular prolyl oligopeptidase derived from activated microglia is a potential neuroprotection target. || Presequence protease reverses mitochondria-specific amyloid-beta-induced mitophagy to protect mitochondria. || Prolyl oligopeptidase inhibition activates autophagy via protein phosphatase 2A. || Ligustilide Ameliorates Memory Deficiency in APP/PS1 Transgenic Mice via Restoring Mitochondrial Dysfunction.
